<PAMDataset>
  <Metadata domain="Esri">
    <MDI key="PyramidResamplingType">NEAREST</MDI>
  </Metadata>
  <PAMRasterBand band="1">
    <Histograms>
      <HistItem>
        <HistMin>-0.5</HistMin>
        <HistMax>255.5</HistMax>
        <BucketCount>256</BucketCount>
        <IncludeOutOfRange>1</IncludeOutOfRange>
        <Approximate>0</Approximate>
        <HistCounts>2353568|0|0|0|0|0|0|0|0|0|0|0|0|0|0|5819|0|0|0|0|0|0|0|0|0|0|0|0|0|0|20070|0|0|0|0|0|0|0|0|0|0|0|0|0|0|0|0|0|0|0|0|0|0|0|0|0|0|0|0|0|0|0|0|0|0|0|0|6783|0|0|0|0|0|0|532|0|0|0|0|0|0|0|0|0|0|0|0|26240|0|2151|21504|0|0|0|0|0|0|0|0|22468|0|0|14235|0|0|7928|0|0|0|0|0|0|0|0|0|0|0|0|0|0|132644|0|0|0|0|0|509|0|0|0|0|0|0|0|0|0|0|102692|0|36232|0|0|16765|0|0|0|0|0|0|0|0|0|51263|0|0|0|0|0|0|0|0|0|0|0|0|0|0|0|108945|0|0|0|0|0|0|0|0|0|0|0|0|0|0|37486|0|0|0|0|0|150791|0|0|0|0|0|0|0|0|0|0|0|0|0|0|16491306|0|0|0|0|0|0|0|0|0|0|0|0|0|0|0|81825|0|0|0|0|0|0|0|0|0|0|0|0|0|0|0|0|0|0|0|0|0|0|0|0|0|0|0|0|0|0|0|0|0|0|25828208</HistCounts>
      </HistItem>
    </Histograms>
    <Metadata>
      <MDI key="STATISTICS_APPROXIMATE">YES</MDI>
      <MDI key="STATISTICS_COVARIANCES">3414.509222012512,2105.075295301205,488.3638822366868</MDI>
      <MDI key="STATISTICS_EXCLUDEDVALUES"></MDI>
      <MDI key="STATISTICS_MAXIMUM">255</MDI>
      <MDI key="STATISTICS_MEAN">221.38514582305</MDI>
      <MDI key="STATISTICS_MEDIAN">255,000000</MDI>
      <MDI key="STATISTICS_MINIMUM">0</MDI>
      <MDI key="STATISTICS_SKIPFACTORX">1</MDI>
      <MDI key="STATISTICS_SKIPFACTORY">1</MDI>
      <MDI key="STATISTICS_STDDEV">58.433802049948</MDI>
      <MDI key="STATISTICS_VALID_PERCENT">100</MDI>
    </Metadata>
  </PAMRasterBand>
  <PAMRasterBand band="2">
    <Histograms>
      <HistItem>
        <HistMin>-0.5</HistMin>
        <HistMax>255.5</HistMax>
        <BucketCount>256</BucketCount>
        <IncludeOutOfRange>1</IncludeOutOfRange>
        <Approximate>0</Approximate>
        <HistCounts>0|0|0|0|0|0|0|0|0|0|0|0|0|0|0|0|0|0|0|0|0|0|0|0|0|0|0|0|0|0|0|0|0|0|0|0|0|0|0|0|0|0|0|0|0|0|0|0|0|0|0|0|0|0|0|0|0|0|0|0|0|0|0|0|0|0|2151|20069|0|0|0|0|27028|0|0|10464|0|0|0|0|0|0|0|0|0|0|0|0|493|6732|0|0|0|16|23439|0|0|14229|0|0|0|0|0|0|0|0|0|0|0|0|22212|0|2300469|5800|0|0|0|2|26241|256|132644|21504|106901|0|0|0|0|0|0|0|0|0|0|0|0|0|0|0|0|0|51|0|0|0|95153|0|0|0|0|0|0|0|0|50270|0|0|0|0|0|0|0|0|0|0|19|0|0|0|102692|0|0|0|0|0|0|69041|0|0|0|0|0|0|0|0|0|0|0|0|0|0|0|0|0|0|0|0|0|53629|0|108945|0|0|0|0|16491306|0|0|0|0|0|0|0|0|0|0|0|0|0|0|0|0|0|0|0|0|0|0|0|0|0|0|0|0|0|0|0|0|0|0|0|0|0|0|0|0|0|0|0|0|0|0|0|0|0|0|25828208</HistCounts>
      </HistItem>
    </Histograms>
    <Metadata>
      <MDI key="STATISTICS_APPROXIMATE">YES</MDI>
      <MDI key="STATISTICS_COVARIANCES">2105.075295301205,1469.517805383331,623.4860185636021</MDI>
      <MDI key="STATISTICS_EXCLUDEDVALUES"></MDI>
      <MDI key="STATISTICS_MAXIMUM">255</MDI>
      <MDI key="STATISTICS_MEAN">227.09347781992</MDI>
      <MDI key="STATISTICS_MEDIAN">255,000000</MDI>
      <MDI key="STATISTICS_MINIMUM">66</MDI>
      <MDI key="STATISTICS_SKIPFACTORX">1</MDI>
      <MDI key="STATISTICS_SKIPFACTORY">1</MDI>
      <MDI key="STATISTICS_STDDEV">38.334290203202</MDI>
      <MDI key="STATISTICS_VALID_PERCENT">100</MDI>
    </Metadata>
  </PAMRasterBand>
  <PAMRasterBand band="3">
    <Histograms>
      <HistItem>
        <HistMin>-0.5</HistMin>
        <HistMax>255.5</HistMax>
        <BucketCount>256</BucketCount>
        <IncludeOutOfRange>1</IncludeOutOfRange>
        <Approximate>0</Approximate>
        <HistCounts>0|0|0|0|0|0|0|0|0|0|0|0|0|0|0|0|0|0|0|0|0|0|0|0|0|0|0|0|0|0|0|0|0|0|0|0|0|0|0|0|0|0|0|0|0|0|0|0|0|0|0|0|0|0|0|0|0|0|0|0|0|0|0|0|0|0|0|0|0|0|0|0|49679|0|0|36774|0|0|0|0|0|0|0|0|0|0|0|0|0|0|0|0|0|0|0|0|0|0|0|0|0|0|0|0|0|0|0|0|0|0|0|0|0|0|0|0|0|0|14235|0|132644|10079|197845|0|0|35261|0|0|2536|0|0|0|0|0|0|0|0|0|0|0|0|0|0|0|0|0|0|0|0|0|0|0|0|190588|0|0|0|0|0|0|0|0|0|0|0|0|0|0|51263|0|0|0|0|0|0|55638|0|0|0|0|0|0|0|0|0|0|0|0|0|0|0|0|0|0|0|0|0|0|0|57556|0|0|0|0|16491306|0|12784|0|0|0|0|0|0|0|0|0|0|0|0|0|0|0|0|0|0|0|0|0|0|0|0|0|0|0|0|0|0|0|0|0|0|0|0|0|0|0|0|0|0|0|0|0|0|0|0|28181776</HistCounts>
      </HistItem>
    </Histograms>
    <Metadata>
      <MDI key="STATISTICS_APPROXIMATE">YES</MDI>
      <MDI key="STATISTICS_COVARIANCES">488.3638822366868,623.4860185636021,795.7036760160274</MDI>
      <MDI key="STATISTICS_EXCLUDEDVALUES"></MDI>
      <MDI key="STATISTICS_MAXIMUM">255</MDI>
      <MDI key="STATISTICS_MEAN">234.31907986572</MDI>
      <MDI key="STATISTICS_MEDIAN">255,000000</MDI>
      <MDI key="STATISTICS_MINIMUM">72</MDI>
      <MDI key="STATISTICS_SKIPFACTORX">1</MDI>
      <MDI key="STATISTICS_SKIPFACTORY">1</MDI>
      <MDI key="STATISTICS_STDDEV">28.208220007934</MDI>
      <MDI key="STATISTICS_VALID_PERCENT">100</MDI>
    </Metadata>
  </PAMRasterBand>
</PAMDataset>
